<CREOLE-DIRECTORY>
	<CREOLE>
		
		<RESOURCE>
			<NAME>Noun Phrase Chunker</NAME>
			<JAR>Chunker.jar</JAR>
			<CLASS>mark.chunking.GATEWrapper</CLASS>
			<PARAMETER NAME="document"
				COMMENT="The document to be analysed."
				RUNTIME="true">gate.corpora.DocumentImpl</PARAMETER>
			<PARAMETER NAME="posTagURL"
				COMMENT="The URL of the pos_tag_dict file.">java.net.URL</PARAMETER>
			<PARAMETER NAME="rulesURL"
				COMMENT="The URL of the rules file.">java.net.URL</PARAMETER>
			<PARAMETER NAME="posFeature"
				COMMENT="The name of the feature which holds the POS tag."
				DEFAULT="category"
				RUNTIME="true">java.lang.String</PARAMETER>
			<PARAMETER NAME="unknownTag"
				COMMENT="The chunk tag to use for an unknown POS tag."
				RUNTIME="true"
				DEFAULT="I">java.lang.String</PARAMETER>
			<PARAMETER NAME="inputASName"
				COMMENT="The name of the annotation set used for input."
				RUNTIME="true"
				OPTIONAL="true">java.lang.String</PARAMETER>
			<PARAMETER NAME="outputASName"
				COMMENT="The name of the annotation set used for output."
				RUNTIME="true"
				OPTIONAL="true">java.lang.String</PARAMETER>
			<PARAMETER NAME="annotationName"
				COMMENT="The name of the annotations added to mark noun chunks."
				DEFAULT="NounChunk"
				RUNTIME="true">java.lang.String</PARAMETER>
		</RESOURCE>
	
	</CREOLE>
</CREOLE-DIRECTORY>